,IGD,RUN,r,c,m,v,EAR,ALGORITHM,PROBLEM,T_POP,N_GENS,TOT_AVALS,IVF_AVALS
0,0.1875605667206784,1,0.7,19,0.25,1,EARX,IVF/SPEA2,ZDT5,100,10,1000,144
1,0.17147338211878435,1,0.7,19,0.25,1,EARX,IVF/SPEA2,ZDT5,100,20,2000,256
2,0.15647602884616693,1,0.7,19,0.25,1,EARX,IVF/SPEA2,ZDT5,100,30,3000,464
3,0.16246868779253557,1,0.7,19,0.25,1,EARX,IVF/SPEA2,ZDT5,100,40,4000,688
4,0.1543351538605837,1,0.7,19,0.25,1,EARX,IVF/SPEA2,ZDT5,100,50,5000,800
5,0.15249712995443696,1,0.7,19,0.25,1,EARX,IVF/SPEA2,ZDT5,100,60,6000,960
6,0.1493084184968657,1,0.7,19,0.25,1,EARX,IVF/SPEA2,ZDT5,100,70,7000,1136
7,0.14759682350431727,1,0.7,19,0.25,1,EARX,IVF/SPEA2,ZDT5,100,80,8000,1312
8,0.14793564291967268,1,0.7,19,0.25,1,EARX,IVF/SPEA2,ZDT5,100,90,9000,1424
9,0.14416588444898748,1,0.7,19,0.25,1,EARX,IVF/SPEA2,ZDT5,100,100,10000,1520
10,0.14144833072274837,1,0.7,19,0.25,1,EARX,IVF/SPEA2,ZDT5,100,110,11000,1712
11,0.13337081958817637,1,0.7,19,0.25,1,EARX,IVF/SPEA2,ZDT5,100,120,12000,1856
12,0.12856828493193365,1,0.7,19,0.25,1,EARX,IVF/SPEA2,ZDT5,100,130,13000,2016
13,0.12635434312131777,1,0.7,19,0.25,1,EARX,IVF/SPEA2,ZDT5,100,140,14000,2240
14,0.12549353887193967,1,0.7,19,0.25,1,EARX,IVF/SPEA2,ZDT5,100,150,15000,2464
15,0.12607292575948242,1,0.7,19,0.25,1,EARX,IVF/SPEA2,ZDT5,100,160,16000,2624
16,0.124036992074146,1,0.7,19,0.25,1,EARX,IVF/SPEA2,ZDT5,100,170,17000,2816
17,0.1256361495973527,1,0.7,19,0.25,1,EARX,IVF/SPEA2,ZDT5,100,180,18000,2960
18,0.11637693961676245,1,0.7,19,0.25,1,EARX,IVF/SPEA2,ZDT5,100,190,19000,3088
19,0.1143949161252369,1,0.7,19,0.25,1,EARX,IVF/SPEA2,ZDT5,100,200,20000,3328
20,0.1942783903280178,2,0.7,19,0.25,1,EARX,IVF/SPEA2,ZDT5,100,10,1000,128
21,0.13456445969794673,2,0.7,19,0.25,1,EARX,IVF/SPEA2,ZDT5,100,20,2000,352
22,0.14594694424969715,2,0.7,19,0.25,1,EARX,IVF/SPEA2,ZDT5,100,30,3000,560
23,0.14966745221931302,2,0.7,19,0.25,1,EARX,IVF/SPEA2,ZDT5,100,40,4000,672
24,0.14475800207791895,2,0.7,19,0.25,1,EARX,IVF/SPEA2,ZDT5,100,50,5000,752
25,0.14016724012104428,2,0.7,19,0.25,1,EARX,IVF/SPEA2,ZDT5,100,60,6000,912
26,0.13874598384654238,2,0.7,19,0.25,1,EARX,IVF/SPEA2,ZDT5,100,70,7000,1024
27,0.13034466537790837,2,0.7,19,0.25,1,EARX,IVF/SPEA2,ZDT5,100,80,8000,1232
28,0.13305157831560083,2,0.7,19,0.25,1,EARX,IVF/SPEA2,ZDT5,100,90,9000,1360
29,0.12897771971628613,2,0.7,19,0.25,1,EARX,IVF/SPEA2,ZDT5,100,100,10000,1552
30,0.12912489845085173,2,0.7,19,0.25,1,EARX,IVF/SPEA2,ZDT5,100,110,11000,1728
31,0.12235486570670923,2,0.7,19,0.25,1,EARX,IVF/SPEA2,ZDT5,100,120,12000,1872
32,0.1248259376391617,2,0.7,19,0.25,1,EARX,IVF/SPEA2,ZDT5,100,130,13000,1984
33,0.12313774145950905,2,0.7,19,0.25,1,EARX,IVF/SPEA2,ZDT5,100,140,14000,2112
34,0.1220527831440143,2,0.7,19,0.25,1,EARX,IVF/SPEA2,ZDT5,100,150,15000,2288
35,0.12494301326162263,2,0.7,19,0.25,1,EARX,IVF/SPEA2,ZDT5,100,160,16000,2464
36,0.11816524908845277,2,0.7,19,0.25,1,EARX,IVF/SPEA2,ZDT5,100,170,17000,2608
37,0.11758715675692474,2,0.7,19,0.25,1,EARX,IVF/SPEA2,ZDT5,100,180,18000,2832
38,0.11354945414838837,2,0.7,19,0.25,1,EARX,IVF/SPEA2,ZDT5,100,190,19000,2992
39,0.11397441396895404,2,0.7,19,0.25,1,EARX,IVF/SPEA2,ZDT5,100,200,20000,3232
40,0.18295766798807775,3,0.7,19,0.25,1,EARX,IVF/SPEA2,ZDT5,100,10,1000,176
41,0.1539698984315777,3,0.7,19,0.25,1,EARX,IVF/SPEA2,ZDT5,100,20,2000,352
42,0.15429638046891644,3,0.7,19,0.25,1,EARX,IVF/SPEA2,ZDT5,100,30,3000,512
43,0.14793420840962104,3,0.7,19,0.25,1,EARX,IVF/SPEA2,ZDT5,100,40,4000,640
44,0.1288060381859626,3,0.7,19,0.25,1,EARX,IVF/SPEA2,ZDT5,100,50,5000,832
45,0.12526248618793384,3,0.7,19,0.25,1,EARX,IVF/SPEA2,ZDT5,100,60,6000,944
46,0.1295453843469383,3,0.7,19,0.25,1,EARX,IVF/SPEA2,ZDT5,100,70,7000,1104
47,0.12806146442951025,3,0.7,19,0.25,1,EARX,IVF/SPEA2,ZDT5,100,80,8000,1232
48,0.12383027022398396,3,0.7,19,0.25,1,EARX,IVF/SPEA2,ZDT5,100,90,9000,1376
49,0.11696163216402498,3,0.7,19,0.25,1,EARX,IVF/SPEA2,ZDT5,100,100,10000,1552
50,0.11805634688273185,3,0.7,19,0.25,1,EARX,IVF/SPEA2,ZDT5,100,110,11000,1808
51,0.1262213667774269,3,0.7,19,0.25,1,EARX,IVF/SPEA2,ZDT5,100,120,12000,2016
52,0.11332993730909811,3,0.7,19,0.25,1,EARX,IVF/SPEA2,ZDT5,100,130,13000,2192
53,0.11749466239536041,3,0.7,19,0.25,1,EARX,IVF/SPEA2,ZDT5,100,140,14000,2384
54,0.1127847951168939,3,0.7,19,0.25,1,EARX,IVF/SPEA2,ZDT5,100,150,15000,2576
55,0.11584231453478744,3,0.7,19,0.25,1,EARX,IVF/SPEA2,ZDT5,100,160,16000,2752
56,0.11203947113177051,3,0.7,19,0.25,1,EARX,IVF/SPEA2,ZDT5,100,170,17000,2928
57,0.11128518514078824,3,0.7,19,0.25,1,EARX,IVF/SPEA2,ZDT5,100,180,18000,3104
58,0.1127185343355641,3,0.7,19,0.25,1,EARX,IVF/SPEA2,ZDT5,100,190,19000,3264
59,0.10951158819567708,3,0.7,19,0.25,1,EARX,IVF/SPEA2,ZDT5,100,200,20000,3440
60,0.1833473149609023,4,0.7,19,0.25,1,EARX,IVF/SPEA2,ZDT5,100,10,1000,144
61,0.1696972254576299,4,0.7,19,0.25,1,EARX,IVF/SPEA2,ZDT5,100,20,2000,272
62,0.1760837325743166,4,0.7,19,0.25,1,EARX,IVF/SPEA2,ZDT5,100,30,3000,432
63,0.16768636189785247,4,0.7,19,0.25,1,EARX,IVF/SPEA2,ZDT5,100,40,4000,576
64,0.1494485701413223,4,0.7,19,0.25,1,EARX,IVF/SPEA2,ZDT5,100,50,5000,736
65,0.1442860591177887,4,0.7,19,0.25,1,EARX,IVF/SPEA2,ZDT5,100,60,6000,992
66,0.14067725684457813,4,0.7,19,0.25,1,EARX,IVF/SPEA2,ZDT5,100,70,7000,1136
67,0.13340355751922175,4,0.7,19,0.25,1,EARX,IVF/SPEA2,ZDT5,100,80,8000,1344
68,0.130699907158348,4,0.7,19,0.25,1,EARX,IVF/SPEA2,ZDT5,100,90,9000,1472
69,0.1297298669190056,4,0.7,19,0.25,1,EARX,IVF/SPEA2,ZDT5,100,100,10000,1664
70,0.11942741008275824,4,0.7,19,0.25,1,EARX,IVF/SPEA2,ZDT5,100,110,11000,1856
71,0.11922536140387634,4,0.7,19,0.25,1,EARX,IVF/SPEA2,ZDT5,100,120,12000,2016
72,0.12426166242892155,4,0.7,19,0.25,1,EARX,IVF/SPEA2,ZDT5,100,130,13000,2192
73,0.12514279582044247,4,0.7,19,0.25,1,EARX,IVF/SPEA2,ZDT5,100,140,14000,2368
74,0.11986322918566683,4,0.7,19,0.25,1,EARX,IVF/SPEA2,ZDT5,100,150,15000,2464
75,0.12167694279318755,4,0.7,19,0.25,1,EARX,IVF/SPEA2,ZDT5,100,160,16000,2624
76,0.11850346943967721,4,0.7,19,0.25,1,EARX,IVF/SPEA2,ZDT5,100,170,17000,2720
77,0.11451180039635574,4,0.7,19,0.25,1,EARX,IVF/SPEA2,ZDT5,100,180,18000,2912
78,0.1176328580982033,4,0.7,19,0.25,1,EARX,IVF/SPEA2,ZDT5,100,190,19000,3024
79,0.12237585658237221,4,0.7,19,0.25,1,EARX,IVF/SPEA2,ZDT5,100,200,20000,3168
80,0.1726756892389164,5,0.7,19,0.25,1,EARX,IVF/SPEA2,ZDT5,100,10,1000,64
81,0.14568178025139528,5,0.7,19,0.25,1,EARX,IVF/SPEA2,ZDT5,100,20,2000,304
82,0.1436961324010967,5,0.7,19,0.25,1,EARX,IVF/SPEA2,ZDT5,100,30,3000,512
83,0.12445778005430792,5,0.7,19,0.25,1,EARX,IVF/SPEA2,ZDT5,100,40,4000,624
84,0.13564094493931056,5,0.7,19,0.25,1,EARX,IVF/SPEA2,ZDT5,100,50,5000,800
85,0.12888654142023132,5,0.7,19,0.25,1,EARX,IVF/SPEA2,ZDT5,100,60,6000,960
86,0.13015614058310224,5,0.7,19,0.25,1,EARX,IVF/SPEA2,ZDT5,100,70,7000,1136
87,0.1251632763766746,5,0.7,19,0.25,1,EARX,IVF/SPEA2,ZDT5,100,80,8000,1280
88,0.12463122493737791,5,0.7,19,0.25,1,EARX,IVF/SPEA2,ZDT5,100,90,9000,1424
89,0.1206894376475115,5,0.7,19,0.25,1,EARX,IVF/SPEA2,ZDT5,100,100,10000,1664
90,0.10856997760708448,5,0.7,19,0.25,1,EARX,IVF/SPEA2,ZDT5,100,110,11000,1856
91,0.10132454337626262,5,0.7,19,0.25,1,EARX,IVF/SPEA2,ZDT5,100,120,12000,1968
92,0.09906598441551832,5,0.7,19,0.25,1,EARX,IVF/SPEA2,ZDT5,100,130,13000,2112
93,0.09995135038192128,5,0.7,19,0.25,1,EARX,IVF/SPEA2,ZDT5,100,140,14000,2240
94,0.09549094216459314,5,0.7,19,0.25,1,EARX,IVF/SPEA2,ZDT5,100,150,15000,2368
95,0.09024026496526913,5,0.7,19,0.25,1,EARX,IVF/SPEA2,ZDT5,100,160,16000,2512
96,0.0958819588738399,5,0.7,19,0.25,1,EARX,IVF/SPEA2,ZDT5,100,170,17000,2704
97,0.09300666786031896,5,0.7,19,0.25,1,EARX,IVF/SPEA2,ZDT5,100,180,18000,2816
98,0.08986878927810457,5,0.7,19,0.25,1,EARX,IVF/SPEA2,ZDT5,100,190,19000,2944
99,0.08616631612913864,5,0.7,19,0.25,1,EARX,IVF/SPEA2,ZDT5,100,200,20000,3136
100,0.19157773630558636,6,0.7,19,0.25,1,EARX,IVF/SPEA2,ZDT5,100,10,1000,144
101,0.1743064962216073,6,0.7,19,0.25,1,EARX,IVF/SPEA2,ZDT5,100,20,2000,304
102,0.1531401368911217,6,0.7,19,0.25,1,EARX,IVF/SPEA2,ZDT5,100,30,3000,496
103,0.15851663876006233,6,0.7,19,0.25,1,EARX,IVF/SPEA2,ZDT5,100,40,4000,704
104,0.15500980511182016,6,0.7,19,0.25,1,EARX,IVF/SPEA2,ZDT5,100,50,5000,896
105,0.15455755266481025,6,0.7,19,0.25,1,EARX,IVF/SPEA2,ZDT5,100,60,6000,1104
106,0.1495468291984856,6,0.7,19,0.25,1,EARX,IVF/SPEA2,ZDT5,100,70,7000,1312
107,0.14250791291824663,6,0.7,19,0.25,1,EARX,IVF/SPEA2,ZDT5,100,80,8000,1456
108,0.14487664949127801,6,0.7,19,0.25,1,EARX,IVF/SPEA2,ZDT5,100,90,9000,1584
109,0.14745112223038936,6,0.7,19,0.25,1,EARX,IVF/SPEA2,ZDT5,100,100,10000,1808
110,0.1427555195955899,6,0.7,19,0.25,1,EARX,IVF/SPEA2,ZDT5,100,110,11000,1952
111,0.1461771381969921,6,0.7,19,0.25,1,EARX,IVF/SPEA2,ZDT5,100,120,12000,2144
112,0.14768089593649406,6,0.7,19,0.25,1,EARX,IVF/SPEA2,ZDT5,100,130,13000,2336
113,0.15425035854234048,6,0.7,19,0.25,1,EARX,IVF/SPEA2,ZDT5,100,140,14000,2496
114,0.15487254511666707,6,0.7,19,0.25,1,EARX,IVF/SPEA2,ZDT5,100,150,15000,2720
115,0.15521266178501553,6,0.7,19,0.25,1,EARX,IVF/SPEA2,ZDT5,100,160,16000,2944
116,0.15104947495000517,6,0.7,19,0.25,1,EARX,IVF/SPEA2,ZDT5,100,170,17000,3072
117,0.14437855914556047,6,0.7,19,0.25,1,EARX,IVF/SPEA2,ZDT5,100,180,18000,3200
118,0.1379228045180346,6,0.7,19,0.25,1,EARX,IVF/SPEA2,ZDT5,100,190,19000,3344
119,0.13484875009643796,6,0.7,19,0.25,1,EARX,IVF/SPEA2,ZDT5,100,200,20000,3472
120,0.1752871894211248,7,0.7,19,0.25,1,EARX,IVF/SPEA2,ZDT5,100,10,1000,224
121,0.146314033418626,7,0.7,19,0.25,1,EARX,IVF/SPEA2,ZDT5,100,20,2000,416
122,0.1448283397425277,7,0.7,19,0.25,1,EARX,IVF/SPEA2,ZDT5,100,30,3000,640
123,0.15233147073451048,7,0.7,19,0.25,1,EARX,IVF/SPEA2,ZDT5,100,40,4000,912
124,0.14433887681431734,7,0.7,19,0.25,1,EARX,IVF/SPEA2,ZDT5,100,50,5000,1040
125,0.12403110266308044,7,0.7,19,0.25,1,EARX,IVF/SPEA2,ZDT5,100,60,6000,1232
126,0.11411881499017429,7,0.7,19,0.25,1,EARX,IVF/SPEA2,ZDT5,100,70,7000,1392
127,0.1121465054005813,7,0.7,19,0.25,1,EARX,IVF/SPEA2,ZDT5,100,80,8000,1504
128,0.11121157004131536,7,0.7,19,0.25,1,EARX,IVF/SPEA2,ZDT5,100,90,9000,1664
129,0.11231294138660132,7,0.7,19,0.25,1,EARX,IVF/SPEA2,ZDT5,100,100,10000,1824
130,0.10797194972227726,7,0.7,19,0.25,1,EARX,IVF/SPEA2,ZDT5,100,110,11000,2080
131,0.10379976779958834,7,0.7,19,0.25,1,EARX,IVF/SPEA2,ZDT5,100,120,12000,2256
132,0.10158578506307978,7,0.7,19,0.25,1,EARX,IVF/SPEA2,ZDT5,100,130,13000,2464
133,0.09734198352175495,7,0.7,19,0.25,1,EARX,IVF/SPEA2,ZDT5,100,140,14000,2736
134,0.09535994564348997,7,0.7,19,0.25,1,EARX,IVF/SPEA2,ZDT5,100,150,15000,2960
135,0.09288509195373798,7,0.7,19,0.25,1,EARX,IVF/SPEA2,ZDT5,100,160,16000,3136
136,0.09377631324922425,7,0.7,19,0.25,1,EARX,IVF/SPEA2,ZDT5,100,170,17000,3328
137,0.09455707853915145,7,0.7,19,0.25,1,EARX,IVF/SPEA2,ZDT5,100,180,18000,3424
138,0.09458807224495615,7,0.7,19,0.25,1,EARX,IVF/SPEA2,ZDT5,100,190,19000,3600
139,0.09240060381338307,7,0.7,19,0.25,1,EARX,IVF/SPEA2,ZDT5,100,200,20000,3760
140,0.16424289228248273,8,0.7,19,0.25,1,EARX,IVF/SPEA2,ZDT5,100,10,1000,144
141,0.14666358070685706,8,0.7,19,0.25,1,EARX,IVF/SPEA2,ZDT5,100,20,2000,368
142,0.1443538753214571,8,0.7,19,0.25,1,EARX,IVF/SPEA2,ZDT5,100,30,3000,560
143,0.13317153123173772,8,0.7,19,0.25,1,EARX,IVF/SPEA2,ZDT5,100,40,4000,720
144,0.12132584607108896,8,0.7,19,0.25,1,EARX,IVF/SPEA2,ZDT5,100,50,5000,848
145,0.12412287201798923,8,0.7,19,0.25,1,EARX,IVF/SPEA2,ZDT5,100,60,6000,1040
146,0.1201023803588173,8,0.7,19,0.25,1,EARX,IVF/SPEA2,ZDT5,100,70,7000,1216
147,0.10601892806268957,8,0.7,19,0.25,1,EARX,IVF/SPEA2,ZDT5,100,80,8000,1360
148,0.1041521236927261,8,0.7,19,0.25,1,EARX,IVF/SPEA2,ZDT5,100,90,9000,1600
149,0.09739107571575772,8,0.7,19,0.25,1,EARX,IVF/SPEA2,ZDT5,100,100,10000,1840
150,0.09289564462487526,8,0.7,19,0.25,1,EARX,IVF/SPEA2,ZDT5,100,110,11000,2048
151,0.09137104236541407,8,0.7,19,0.25,1,EARX,IVF/SPEA2,ZDT5,100,120,12000,2176
152,0.10038921820487345,8,0.7,19,0.25,1,EARX,IVF/SPEA2,ZDT5,100,130,13000,2416
153,0.10185927846868109,8,0.7,19,0.25,1,EARX,IVF/SPEA2,ZDT5,100,140,14000,2576
154,0.10005275726489649,8,0.7,19,0.25,1,EARX,IVF/SPEA2,ZDT5,100,150,15000,2720
155,0.09877332369611827,8,0.7,19,0.25,1,EARX,IVF/SPEA2,ZDT5,100,160,16000,2832
156,0.09696104104517231,8,0.7,19,0.25,1,EARX,IVF/SPEA2,ZDT5,100,170,17000,2992
157,0.09292351304657281,8,0.7,19,0.25,1,EARX,IVF/SPEA2,ZDT5,100,180,18000,3104
158,0.09440850527071955,8,0.7,19,0.25,1,EARX,IVF/SPEA2,ZDT5,100,190,19000,3248
159,0.08984320015387415,8,0.7,19,0.25,1,EARX,IVF/SPEA2,ZDT5,100,200,20000,3504
160,0.17133392422023383,9,0.7,19,0.25,1,EARX,IVF/SPEA2,ZDT5,100,10,1000,160
161,0.13210808515738537,9,0.7,19,0.25,1,EARX,IVF/SPEA2,ZDT5,100,20,2000,336
162,0.12620019043317432,9,0.7,19,0.25,1,EARX,IVF/SPEA2,ZDT5,100,30,3000,464
163,0.13502267060117648,9,0.7,19,0.25,1,EARX,IVF/SPEA2,ZDT5,100,40,4000,656
164,0.14233070548769036,9,0.7,19,0.25,1,EARX,IVF/SPEA2,ZDT5,100,50,5000,832
165,0.1354580184431905,9,0.7,19,0.25,1,EARX,IVF/SPEA2,ZDT5,100,60,6000,1040
166,0.13154735416153662,9,0.7,19,0.25,1,EARX,IVF/SPEA2,ZDT5,100,70,7000,1216
167,0.12385799704202892,9,0.7,19,0.25,1,EARX,IVF/SPEA2,ZDT5,100,80,8000,1344
168,0.12408813916005546,9,0.7,19,0.25,1,EARX,IVF/SPEA2,ZDT5,100,90,9000,1488
169,0.12247933632102334,9,0.7,19,0.25,1,EARX,IVF/SPEA2,ZDT5,100,100,10000,1728
170,0.12494988372099632,9,0.7,19,0.25,1,EARX,IVF/SPEA2,ZDT5,100,110,11000,1856
171,0.11987662606734308,9,0.7,19,0.25,1,EARX,IVF/SPEA2,ZDT5,100,120,12000,2048
172,0.12146542386297961,9,0.7,19,0.25,1,EARX,IVF/SPEA2,ZDT5,100,130,13000,2224
173,0.122953869192218,9,0.7,19,0.25,1,EARX,IVF/SPEA2,ZDT5,100,140,14000,2432
174,0.1135469199373624,9,0.7,19,0.25,1,EARX,IVF/SPEA2,ZDT5,100,150,15000,2528
175,0.10805361794369103,9,0.7,19,0.25,1,EARX,IVF/SPEA2,ZDT5,100,160,16000,2752
176,0.11050601851725193,9,0.7,19,0.25,1,EARX,IVF/SPEA2,ZDT5,100,170,17000,2896
177,0.10642049978723687,9,0.7,19,0.25,1,EARX,IVF/SPEA2,ZDT5,100,180,18000,3088
178,0.10190780840525408,9,0.7,19,0.25,1,EARX,IVF/SPEA2,ZDT5,100,190,19000,3312
179,0.09754759158733536,9,0.7,19,0.25,1,EARX,IVF/SPEA2,ZDT5,100,200,20000,3488
180,0.20428902653374714,10,0.7,19,0.25,1,EARX,IVF/SPEA2,ZDT5,100,10,1000,192
181,0.1797987471016788,10,0.7,19,0.25,1,EARX,IVF/SPEA2,ZDT5,100,20,2000,336
182,0.18200203688931077,10,0.7,19,0.25,1,EARX,IVF/SPEA2,ZDT5,100,30,3000,496
183,0.18266109638415326,10,0.7,19,0.25,1,EARX,IVF/SPEA2,ZDT5,100,40,4000,688
184,0.17122653645338176,10,0.7,19,0.25,1,EARX,IVF/SPEA2,ZDT5,100,50,5000,864
185,0.1587744824759583,10,0.7,19,0.25,1,EARX,IVF/SPEA2,ZDT5,100,60,6000,1056
186,0.15639917945405454,10,0.7,19,0.25,1,EARX,IVF/SPEA2,ZDT5,100,70,7000,1344
187,0.14956317911131037,10,0.7,19,0.25,1,EARX,IVF/SPEA2,ZDT5,100,80,8000,1520
188,0.14408223340855136,10,0.7,19,0.25,1,EARX,IVF/SPEA2,ZDT5,100,90,9000,1728
189,0.13514563141241845,10,0.7,19,0.25,1,EARX,IVF/SPEA2,ZDT5,100,100,10000,1968
190,0.13393942191046365,10,0.7,19,0.25,1,EARX,IVF/SPEA2,ZDT5,100,110,11000,2176
191,0.13154675552240322,10,0.7,19,0.25,1,EARX,IVF/SPEA2,ZDT5,100,120,12000,2368
192,0.1277270378768467,10,0.7,19,0.25,1,EARX,IVF/SPEA2,ZDT5,100,130,13000,2544
193,0.12121719798778038,10,0.7,19,0.25,1,EARX,IVF/SPEA2,ZDT5,100,140,14000,2576
194,0.1233578079606617,10,0.7,19,0.25,1,EARX,IVF/SPEA2,ZDT5,100,150,15000,2848
195,0.12122305000449997,10,0.7,19,0.25,1,EARX,IVF/SPEA2,ZDT5,100,160,16000,3056
196,0.11985081868246814,10,0.7,19,0.25,1,EARX,IVF/SPEA2,ZDT5,100,170,17000,3280
197,0.1203006298156229,10,0.7,19,0.25,1,EARX,IVF/SPEA2,ZDT5,100,180,18000,3536
198,0.11703568270014329,10,0.7,19,0.25,1,EARX,IVF/SPEA2,ZDT5,100,190,19000,3776
199,0.10846300110431832,10,0.7,19,0.25,1,EARX,IVF/SPEA2,ZDT5,100,200,20000,3808
200,0.16025019232869991,11,0.7,19,0.25,1,EARX,IVF/SPEA2,ZDT5,100,10,1000,176
201,0.168771679491756,11,0.7,19,0.25,1,EARX,IVF/SPEA2,ZDT5,100,20,2000,304
202,0.14746474021811118,11,0.7,19,0.25,1,EARX,IVF/SPEA2,ZDT5,100,30,3000,544
203,0.16031854611378896,11,0.7,19,0.25,1,EARX,IVF/SPEA2,ZDT5,100,40,4000,672
204,0.15399082214695098,11,0.7,19,0.25,1,EARX,IVF/SPEA2,ZDT5,100,50,5000,816
205,0.13664747983554865,11,0.7,19,0.25,1,EARX,IVF/SPEA2,ZDT5,100,60,6000,976
206,0.13620294050249643,11,0.7,19,0.25,1,EARX,IVF/SPEA2,ZDT5,100,70,7000,1136
207,0.12864548356763839,11,0.7,19,0.25,1,EARX,IVF/SPEA2,ZDT5,100,80,8000,1328
208,0.12798597331361003,11,0.7,19,0.25,1,EARX,IVF/SPEA2,ZDT5,100,90,9000,1440
209,0.12531427641622397,11,0.7,19,0.25,1,EARX,IVF/SPEA2,ZDT5,100,100,10000,1600
210,0.11965012193853512,11,0.7,19,0.25,1,EARX,IVF/SPEA2,ZDT5,100,110,11000,1792
211,0.12036546568937098,11,0.7,19,0.25,1,EARX,IVF/SPEA2,ZDT5,100,120,12000,1936
212,0.12190455647118041,11,0.7,19,0.25,1,EARX,IVF/SPEA2,ZDT5,100,130,13000,2112
213,0.12254312172927516,11,0.7,19,0.25,1,EARX,IVF/SPEA2,ZDT5,100,140,14000,2304
214,0.11602879295310292,11,0.7,19,0.25,1,EARX,IVF/SPEA2,ZDT5,100,150,15000,2480
215,0.1120114519852689,11,0.7,19,0.25,1,EARX,IVF/SPEA2,ZDT5,100,160,16000,2688
216,0.10946333724499757,11,0.7,19,0.25,1,EARX,IVF/SPEA2,ZDT5,100,170,17000,2800
217,0.10322047127866849,11,0.7,19,0.25,1,EARX,IVF/SPEA2,ZDT5,100,180,18000,2864
218,0.10314928981026733,11,0.7,19,0.25,1,EARX,IVF/SPEA2,ZDT5,100,190,19000,3040
219,0.10382698600116054,11,0.7,19,0.25,1,EARX,IVF/SPEA2,ZDT5,100,200,20000,3248
220,0.17407484049501107,12,0.7,19,0.25,1,EARX,IVF/SPEA2,ZDT5,100,10,1000,192
221,0.15897386059284918,12,0.7,19,0.25,1,EARX,IVF/SPEA2,ZDT5,100,20,2000,400
222,0.1305551960776373,12,0.7,19,0.25,1,EARX,IVF/SPEA2,ZDT5,100,30,3000,608
223,0.1291744761429108,12,0.7,19,0.25,1,EARX,IVF/SPEA2,ZDT5,100,40,4000,832
224,0.12562762134026992,12,0.7,19,0.25,1,EARX,IVF/SPEA2,ZDT5,100,50,5000,992
225,0.12589349114436174,12,0.7,19,0.25,1,EARX,IVF/SPEA2,ZDT5,100,60,6000,1200
226,0.1251327696370935,12,0.7,19,0.25,1,EARX,IVF/SPEA2,ZDT5,100,70,7000,1376
227,0.1209075189541074,12,0.7,19,0.25,1,EARX,IVF/SPEA2,ZDT5,100,80,8000,1600
228,0.1244422306156949,12,0.7,19,0.25,1,EARX,IVF/SPEA2,ZDT5,100,90,9000,1712
229,0.12065164873387836,12,0.7,19,0.25,1,EARX,IVF/SPEA2,ZDT5,100,100,10000,1888
230,0.1200286706787504,12,0.7,19,0.25,1,EARX,IVF/SPEA2,ZDT5,100,110,11000,2048
231,0.12253507614353229,12,0.7,19,0.25,1,EARX,IVF/SPEA2,ZDT5,100,120,12000,2240
232,0.12102947053307454,12,0.7,19,0.25,1,EARX,IVF/SPEA2,ZDT5,100,130,13000,2416
233,0.10804038588749675,12,0.7,19,0.25,1,EARX,IVF/SPEA2,ZDT5,100,140,14000,2576
234,0.11224253208952086,12,0.7,19,0.25,1,EARX,IVF/SPEA2,ZDT5,100,150,15000,2720
235,0.10843192970073048,12,0.7,19,0.25,1,EARX,IVF/SPEA2,ZDT5,100,160,16000,2816
236,0.10689231094282045,12,0.7,19,0.25,1,EARX,IVF/SPEA2,ZDT5,100,170,17000,2992
237,0.10159476677240688,12,0.7,19,0.25,1,EARX,IVF/SPEA2,ZDT5,100,180,18000,3232
238,0.10060084607174354,12,0.7,19,0.25,1,EARX,IVF/SPEA2,ZDT5,100,190,19000,3424
239,0.10823148921930673,12,0.7,19,0.25,1,EARX,IVF/SPEA2,ZDT5,100,200,20000,3584
240,0.1943129786814181,13,0.7,19,0.25,1,EARX,IVF/SPEA2,ZDT5,100,10,1000,160
241,0.1602422907133365,13,0.7,19,0.25,1,EARX,IVF/SPEA2,ZDT5,100,20,2000,400
242,0.1779890290478503,13,0.7,19,0.25,1,EARX,IVF/SPEA2,ZDT5,100,30,3000,464
243,0.14327933217193503,13,0.7,19,0.25,1,EARX,IVF/SPEA2,ZDT5,100,40,4000,576
244,0.15973594555822374,13,0.7,19,0.25,1,EARX,IVF/SPEA2,ZDT5,100,50,5000,800
245,0.14154332586203985,13,0.7,19,0.25,1,EARX,IVF/SPEA2,ZDT5,100,60,6000,1024
246,0.13665416865572455,13,0.7,19,0.25,1,EARX,IVF/SPEA2,ZDT5,100,70,7000,1152
247,0.1365227464982157,13,0.7,19,0.25,1,EARX,IVF/SPEA2,ZDT5,100,80,8000,1296
248,0.1280681658126845,13,0.7,19,0.25,1,EARX,IVF/SPEA2,ZDT5,100,90,9000,1472
249,0.12786904518630623,13,0.7,19,0.25,1,EARX,IVF/SPEA2,ZDT5,100,100,10000,1696
250,0.11525081304895317,13,0.7,19,0.25,1,EARX,IVF/SPEA2,ZDT5,100,110,11000,1904
251,0.1126718313704701,13,0.7,19,0.25,1,EARX,IVF/SPEA2,ZDT5,100,120,12000,2096
252,0.10686274948046331,13,0.7,19,0.25,1,EARX,IVF/SPEA2,ZDT5,100,130,13000,2288
253,0.10797681127241594,13,0.7,19,0.25,1,EARX,IVF/SPEA2,ZDT5,100,140,14000,2528
254,0.11170691095783461,13,0.7,19,0.25,1,EARX,IVF/SPEA2,ZDT5,100,150,15000,2736
255,0.11174082603290587,13,0.7,19,0.25,1,EARX,IVF/SPEA2,ZDT5,100,160,16000,2912
256,0.11128411211428377,13,0.7,19,0.25,1,EARX,IVF/SPEA2,ZDT5,100,170,17000,3072
257,0.11637387151004867,13,0.7,19,0.25,1,EARX,IVF/SPEA2,ZDT5,100,180,18000,3216
258,0.11342297518546554,13,0.7,19,0.25,1,EARX,IVF/SPEA2,ZDT5,100,190,19000,3392
259,0.10949023522876028,13,0.7,19,0.25,1,EARX,IVF/SPEA2,ZDT5,100,200,20000,3520
260,0.1694293050209099,14,0.7,19,0.25,1,EARX,IVF/SPEA2,ZDT5,100,10,1000,128
261,0.1723999106421626,14,0.7,19,0.25,1,EARX,IVF/SPEA2,ZDT5,100,20,2000,336
262,0.16684174301129254,14,0.7,19,0.25,1,EARX,IVF/SPEA2,ZDT5,100,30,3000,560
263,0.1466988105970467,14,0.7,19,0.25,1,EARX,IVF/SPEA2,ZDT5,100,40,4000,768
264,0.1423453182970698,14,0.7,19,0.25,1,EARX,IVF/SPEA2,ZDT5,100,50,5000,912
265,0.13992722922769832,14,0.7,19,0.25,1,EARX,IVF/SPEA2,ZDT5,100,60,6000,1184
266,0.13309422901803805,14,0.7,19,0.25,1,EARX,IVF/SPEA2,ZDT5,100,70,7000,1424
267,0.13326504922555146,14,0.7,19,0.25,1,EARX,IVF/SPEA2,ZDT5,100,80,8000,1584
268,0.12184606425160494,14,0.7,19,0.25,1,EARX,IVF/SPEA2,ZDT5,100,90,9000,1824
269,0.11949425150880565,14,0.7,19,0.25,1,EARX,IVF/SPEA2,ZDT5,100,100,10000,2016
270,0.12010258799465616,14,0.7,19,0.25,1,EARX,IVF/SPEA2,ZDT5,100,110,11000,2176
271,0.11470063903544797,14,0.7,19,0.25,1,EARX,IVF/SPEA2,ZDT5,100,120,12000,2272
272,0.11116711495466701,14,0.7,19,0.25,1,EARX,IVF/SPEA2,ZDT5,100,130,13000,2464
273,0.11270564984268949,14,0.7,19,0.25,1,EARX,IVF/SPEA2,ZDT5,100,140,14000,2656
274,0.11228506458032042,14,0.7,19,0.25,1,EARX,IVF/SPEA2,ZDT5,100,150,15000,2848
275,0.10495734393259655,14,0.7,19,0.25,1,EARX,IVF/SPEA2,ZDT5,100,160,16000,3040
276,0.10239820083243661,14,0.7,19,0.25,1,EARX,IVF/SPEA2,ZDT5,100,170,17000,3136
277,0.10017283243093664,14,0.7,19,0.25,1,EARX,IVF/SPEA2,ZDT5,100,180,18000,3376
278,0.0987405870247726,14,0.7,19,0.25,1,EARX,IVF/SPEA2,ZDT5,100,190,19000,3504
279,0.10077484921011465,14,0.7,19,0.25,1,EARX,IVF/SPEA2,ZDT5,100,200,20000,3616
280,0.16716909097815982,15,0.7,19,0.25,1,EARX,IVF/SPEA2,ZDT5,100,10,1000,80
281,0.15000486822229814,15,0.7,19,0.25,1,EARX,IVF/SPEA2,ZDT5,100,20,2000,224
282,0.1401784910720494,15,0.7,19,0.25,1,EARX,IVF/SPEA2,ZDT5,100,30,3000,400
283,0.1267679496223724,15,0.7,19,0.25,1,EARX,IVF/SPEA2,ZDT5,100,40,4000,560
284,0.11833189538572969,15,0.7,19,0.25,1,EARX,IVF/SPEA2,ZDT5,100,50,5000,704
285,0.1198226088442925,15,0.7,19,0.25,1,EARX,IVF/SPEA2,ZDT5,100,60,6000,896
286,0.1187887254440985,15,0.7,19,0.25,1,EARX,IVF/SPEA2,ZDT5,100,70,7000,1056
287,0.1102435465768354,15,0.7,19,0.25,1,EARX,IVF/SPEA2,ZDT5,100,80,8000,1168
288,0.10952078276241148,15,0.7,19,0.25,1,EARX,IVF/SPEA2,ZDT5,100,90,9000,1360
289,0.09473604514410176,15,0.7,19,0.25,1,EARX,IVF/SPEA2,ZDT5,100,100,10000,1552
290,0.09412204461004862,15,0.7,19,0.25,1,EARX,IVF/SPEA2,ZDT5,100,110,11000,1696
291,0.09900884541323503,15,0.7,19,0.25,1,EARX,IVF/SPEA2,ZDT5,100,120,12000,1840
292,0.09770078514759638,15,0.7,19,0.25,1,EARX,IVF/SPEA2,ZDT5,100,130,13000,1952
293,0.09961653288124266,15,0.7,19,0.25,1,EARX,IVF/SPEA2,ZDT5,100,140,14000,2176
294,0.09998830779390207,15,0.7,19,0.25,1,EARX,IVF/SPEA2,ZDT5,100,150,15000,2352
295,0.09498276895167272,15,0.7,19,0.25,1,EARX,IVF/SPEA2,ZDT5,100,160,16000,2512
296,0.09691386385942868,15,0.7,19,0.25,1,EARX,IVF/SPEA2,ZDT5,100,170,17000,2672
297,0.08770577791462461,15,0.7,19,0.25,1,EARX,IVF/SPEA2,ZDT5,100,180,18000,2800
298,0.09139868876858617,15,0.7,19,0.25,1,EARX,IVF/SPEA2,ZDT5,100,190,19000,2992
299,0.0841902302890313,15,0.7,19,0.25,1,EARX,IVF/SPEA2,ZDT5,100,200,20000,3120
300,0.14276752492371803,16,0.7,19,0.25,1,EARX,IVF/SPEA2,ZDT5,100,10,1000,240
301,0.13874871791165963,16,0.7,19,0.25,1,EARX,IVF/SPEA2,ZDT5,100,20,2000,320
302,0.13441165946636377,16,0.7,19,0.25,1,EARX,IVF/SPEA2,ZDT5,100,30,3000,560
303,0.12680187980455607,16,0.7,19,0.25,1,EARX,IVF/SPEA2,ZDT5,100,40,4000,704
304,0.12518996005449357,16,0.7,19,0.25,1,EARX,IVF/SPEA2,ZDT5,100,50,5000,880
305,0.11623520291024497,16,0.7,19,0.25,1,EARX,IVF/SPEA2,ZDT5,100,60,6000,1104
306,0.11460609478434541,16,0.7,19,0.25,1,EARX,IVF/SPEA2,ZDT5,100,70,7000,1296
307,0.11446245086089311,16,0.7,19,0.25,1,EARX,IVF/SPEA2,ZDT5,100,80,8000,1472
308,0.10906186716893687,16,0.7,19,0.25,1,EARX,IVF/SPEA2,ZDT5,100,90,9000,1680
309,0.10575210953553181,16,0.7,19,0.25,1,EARX,IVF/SPEA2,ZDT5,100,100,10000,1904
310,0.10733684362509634,16,0.7,19,0.25,1,EARX,IVF/SPEA2,ZDT5,100,110,11000,2096
311,0.10567467343648368,16,0.7,19,0.25,1,EARX,IVF/SPEA2,ZDT5,100,120,12000,2288
312,0.10601219319338893,16,0.7,19,0.25,1,EARX,IVF/SPEA2,ZDT5,100,130,13000,2560
313,0.10871046520837044,16,0.7,19,0.25,1,EARX,IVF/SPEA2,ZDT5,100,140,14000,2752
314,0.09804043031326586,16,0.7,19,0.25,1,EARX,IVF/SPEA2,ZDT5,100,150,15000,2992
315,0.10261212540367395,16,0.7,19,0.25,1,EARX,IVF/SPEA2,ZDT5,100,160,16000,3200
316,0.09936302807407388,16,0.7,19,0.25,1,EARX,IVF/SPEA2,ZDT5,100,170,17000,3360
317,0.09611734938577758,16,0.7,19,0.25,1,EARX,IVF/SPEA2,ZDT5,100,180,18000,3536
318,0.09277845834743553,16,0.7,19,0.25,1,EARX,IVF/SPEA2,ZDT5,100,190,19000,3648
319,0.09519202534018575,16,0.7,19,0.25,1,EARX,IVF/SPEA2,ZDT5,100,200,20000,3904
320,0.18648310643939867,17,0.7,19,0.25,1,EARX,IVF/SPEA2,ZDT5,100,10,1000,128
321,0.19049579273822245,17,0.7,19,0.25,1,EARX,IVF/SPEA2,ZDT5,100,20,2000,256
322,0.1445500469218617,17,0.7,19,0.25,1,EARX,IVF/SPEA2,ZDT5,100,30,3000,384
323,0.14112671736182006,17,0.7,19,0.25,1,EARX,IVF/SPEA2,ZDT5,100,40,4000,496
324,0.14264061168901399,17,0.7,19,0.25,1,EARX,IVF/SPEA2,ZDT5,100,50,5000,640
325,0.13635722821210428,17,0.7,19,0.25,1,EARX,IVF/SPEA2,ZDT5,100,60,6000,816
326,0.13388880479579643,17,0.7,19,0.25,1,EARX,IVF/SPEA2,ZDT5,100,70,7000,944
327,0.12423406684336527,17,0.7,19,0.25,1,EARX,IVF/SPEA2,ZDT5,100,80,8000,1104
328,0.12138468614071518,17,0.7,19,0.25,1,EARX,IVF/SPEA2,ZDT5,100,90,9000,1312
329,0.12293318810020627,17,0.7,19,0.25,1,EARX,IVF/SPEA2,ZDT5,100,100,10000,1408
330,0.12285325342693679,17,0.7,19,0.25,1,EARX,IVF/SPEA2,ZDT5,100,110,11000,1680
331,0.124404680602697,17,0.7,19,0.25,1,EARX,IVF/SPEA2,ZDT5,100,120,12000,1856
332,0.11996367733306662,17,0.7,19,0.25,1,EARX,IVF/SPEA2,ZDT5,100,130,13000,2048
333,0.12095478908507364,17,0.7,19,0.25,1,EARX,IVF/SPEA2,ZDT5,100,140,14000,2192
334,0.11881745897872772,17,0.7,19,0.25,1,EARX,IVF/SPEA2,ZDT5,100,150,15000,2352
335,0.1135347508275721,17,0.7,19,0.25,1,EARX,IVF/SPEA2,ZDT5,100,160,16000,2512
336,0.10966904840275563,17,0.7,19,0.25,1,EARX,IVF/SPEA2,ZDT5,100,170,17000,2640
337,0.10816088653528498,17,0.7,19,0.25,1,EARX,IVF/SPEA2,ZDT5,100,180,18000,2832
338,0.10517091275933323,17,0.7,19,0.25,1,EARX,IVF/SPEA2,ZDT5,100,190,19000,3024
339,0.10674182165972851,17,0.7,19,0.25,1,EARX,IVF/SPEA2,ZDT5,100,200,20000,3216
340,0.20269611066862758,18,0.7,19,0.25,1,EARX,IVF/SPEA2,ZDT5,100,10,1000,208
341,0.1619146229465045,18,0.7,19,0.25,1,EARX,IVF/SPEA2,ZDT5,100,20,2000,352
342,0.15902325048085092,18,0.7,19,0.25,1,EARX,IVF/SPEA2,ZDT5,100,30,3000,560
343,0.15267651401857074,18,0.7,19,0.25,1,EARX,IVF/SPEA2,ZDT5,100,40,4000,736
344,0.15869998398017002,18,0.7,19,0.25,1,EARX,IVF/SPEA2,ZDT5,100,50,5000,992
345,0.13781443353019085,18,0.7,19,0.25,1,EARX,IVF/SPEA2,ZDT5,100,60,6000,1136
346,0.13755007123738172,18,0.7,19,0.25,1,EARX,IVF/SPEA2,ZDT5,100,70,7000,1312
347,0.13241084238757062,18,0.7,19,0.25,1,EARX,IVF/SPEA2,ZDT5,100,80,8000,1568
348,0.1272761843900335,18,0.7,19,0.25,1,EARX,IVF/SPEA2,ZDT5,100,90,9000,1744
349,0.11821698839522178,18,0.7,19,0.25,1,EARX,IVF/SPEA2,ZDT5,100,100,10000,1952
350,0.11459748884153123,18,0.7,19,0.25,1,EARX,IVF/SPEA2,ZDT5,100,110,11000,2128
351,0.11364900634206204,18,0.7,19,0.25,1,EARX,IVF/SPEA2,ZDT5,100,120,12000,2160
352,0.10923322743906448,18,0.7,19,0.25,1,EARX,IVF/SPEA2,ZDT5,100,130,13000,2352
353,0.10970931461273362,18,0.7,19,0.25,1,EARX,IVF/SPEA2,ZDT5,100,140,14000,2512
354,0.11450532665990268,18,0.7,19,0.25,1,EARX,IVF/SPEA2,ZDT5,100,150,15000,2688
355,0.10213933066377248,18,0.7,19,0.25,1,EARX,IVF/SPEA2,ZDT5,100,160,16000,2816
356,0.10087158260666286,18,0.7,19,0.25,1,EARX,IVF/SPEA2,ZDT5,100,170,17000,2944
357,0.09702204228021395,18,0.7,19,0.25,1,EARX,IVF/SPEA2,ZDT5,100,180,18000,3072
358,0.09573287698280362,18,0.7,19,0.25,1,EARX,IVF/SPEA2,ZDT5,100,190,19000,3312
359,0.0973581919451327,18,0.7,19,0.25,1,EARX,IVF/SPEA2,ZDT5,100,200,20000,3472
360,0.17709276099840213,19,0.7,19,0.25,1,EARX,IVF/SPEA2,ZDT5,100,10,1000,176
361,0.13547696432673215,19,0.7,19,0.25,1,EARX,IVF/SPEA2,ZDT5,100,20,2000,400
362,0.1330249865807086,19,0.7,19,0.25,1,EARX,IVF/SPEA2,ZDT5,100,30,3000,528
363,0.11548724807661229,19,0.7,19,0.25,1,EARX,IVF/SPEA2,ZDT5,100,40,4000,624
364,0.10662570648943694,19,0.7,19,0.25,1,EARX,IVF/SPEA2,ZDT5,100,50,5000,912
365,0.1065908976251841,19,0.7,19,0.25,1,EARX,IVF/SPEA2,ZDT5,100,60,6000,1024
366,0.106694962057595,19,0.7,19,0.25,1,EARX,IVF/SPEA2,ZDT5,100,70,7000,1232
367,0.10329255892357825,19,0.7,19,0.25,1,EARX,IVF/SPEA2,ZDT5,100,80,8000,1424
368,0.097807860892677,19,0.7,19,0.25,1,EARX,IVF/SPEA2,ZDT5,100,90,9000,1696
369,0.09720609114409115,19,0.7,19,0.25,1,EARX,IVF/SPEA2,ZDT5,100,100,10000,1888
370,0.09773555706560456,19,0.7,19,0.25,1,EARX,IVF/SPEA2,ZDT5,100,110,11000,2144
371,0.09865102890447934,19,0.7,19,0.25,1,EARX,IVF/SPEA2,ZDT5,100,120,12000,2336
372,0.09113891706886455,19,0.7,19,0.25,1,EARX,IVF/SPEA2,ZDT5,100,130,13000,2544
373,0.09355803485243844,19,0.7,19,0.25,1,EARX,IVF/SPEA2,ZDT5,100,140,14000,2688
374,0.09055099958478037,19,0.7,19,0.25,1,EARX,IVF/SPEA2,ZDT5,100,150,15000,2880
375,0.09262724664107135,19,0.7,19,0.25,1,EARX,IVF/SPEA2,ZDT5,100,160,16000,3056
376,0.09109987023586248,19,0.7,19,0.25,1,EARX,IVF/SPEA2,ZDT5,100,170,17000,3296
377,0.08840316598735208,19,0.7,19,0.25,1,EARX,IVF/SPEA2,ZDT5,100,180,18000,3488
378,0.08691232542933269,19,0.7,19,0.25,1,EARX,IVF/SPEA2,ZDT5,100,190,19000,3712
379,0.08471680436945846,19,0.7,19,0.25,1,EARX,IVF/SPEA2,ZDT5,100,200,20000,3968
380,0.16671182195409323,20,0.7,19,0.25,1,EARX,IVF/SPEA2,ZDT5,100,10,1000,80
381,0.1583292753940362,20,0.7,19,0.25,1,EARX,IVF/SPEA2,ZDT5,100,20,2000,240
382,0.15739305901772963,20,0.7,19,0.25,1,EARX,IVF/SPEA2,ZDT5,100,30,3000,512
383,0.15793809558397598,20,0.7,19,0.25,1,EARX,IVF/SPEA2,ZDT5,100,40,4000,720
384,0.15501735331149666,20,0.7,19,0.25,1,EARX,IVF/SPEA2,ZDT5,100,50,5000,928
385,0.14090960009009532,20,0.7,19,0.25,1,EARX,IVF/SPEA2,ZDT5,100,60,6000,1136
386,0.141663356437117,20,0.7,19,0.25,1,EARX,IVF/SPEA2,ZDT5,100,70,7000,1296
387,0.1439845112937803,20,0.7,19,0.25,1,EARX,IVF/SPEA2,ZDT5,100,80,8000,1504
388,0.1346417394177771,20,0.7,19,0.25,1,EARX,IVF/SPEA2,ZDT5,100,90,9000,1760
389,0.13125992974439255,20,0.7,19,0.25,1,EARX,IVF/SPEA2,ZDT5,100,100,10000,1968
390,0.12975165388841736,20,0.7,19,0.25,1,EARX,IVF/SPEA2,ZDT5,100,110,11000,2224
391,0.13232454243410524,20,0.7,19,0.25,1,EARX,IVF/SPEA2,ZDT5,100,120,12000,2400
392,0.12546530822301746,20,0.7,19,0.25,1,EARX,IVF/SPEA2,ZDT5,100,130,13000,2528
393,0.12590179246333533,20,0.7,19,0.25,1,EARX,IVF/SPEA2,ZDT5,100,140,14000,2624
394,0.12325323846367507,20,0.7,19,0.25,1,EARX,IVF/SPEA2,ZDT5,100,150,15000,2752
395,0.12060448418323673,20,0.7,19,0.25,1,EARX,IVF/SPEA2,ZDT5,100,160,16000,2896
396,0.12119756585878166,20,0.7,19,0.25,1,EARX,IVF/SPEA2,ZDT5,100,170,17000,3104
397,0.11578923715125532,20,0.7,19,0.25,1,EARX,IVF/SPEA2,ZDT5,100,180,18000,3328
398,0.11331272343744875,20,0.7,19,0.25,1,EARX,IVF/SPEA2,ZDT5,100,190,19000,3488
399,0.10317336714985473,20,0.7,19,0.25,1,EARX,IVF/SPEA2,ZDT5,100,200,20000,3648
400,0.17473116447094636,21,0.7,19,0.25,1,EARX,IVF/SPEA2,ZDT5,100,10,1000,224
401,0.14935506048531197,21,0.7,19,0.25,1,EARX,IVF/SPEA2,ZDT5,100,20,2000,400
402,0.136044638762595,21,0.7,19,0.25,1,EARX,IVF/SPEA2,ZDT5,100,30,3000,576
403,0.12897747682928945,21,0.7,19,0.25,1,EARX,IVF/SPEA2,ZDT5,100,40,4000,704
404,0.12202637011108658,21,0.7,19,0.25,1,EARX,IVF/SPEA2,ZDT5,100,50,5000,832
405,0.12719177078195204,21,0.7,19,0.25,1,EARX,IVF/SPEA2,ZDT5,100,60,6000,992
406,0.12400549742408502,21,0.7,19,0.25,1,EARX,IVF/SPEA2,ZDT5,100,70,7000,1136
407,0.11965738316206019,21,0.7,19,0.25,1,EARX,IVF/SPEA2,ZDT5,100,80,8000,1376
408,0.125047569456106,21,0.7,19,0.25,1,EARX,IVF/SPEA2,ZDT5,100,90,9000,1600
409,0.11828935061965452,21,0.7,19,0.25,1,EARX,IVF/SPEA2,ZDT5,100,100,10000,1728
410,0.11497097702590611,21,0.7,19,0.25,1,EARX,IVF/SPEA2,ZDT5,100,110,11000,1888
411,0.11137066770708422,21,0.7,19,0.25,1,EARX,IVF/SPEA2,ZDT5,100,120,12000,1968
412,0.11302965026128702,21,0.7,19,0.25,1,EARX,IVF/SPEA2,ZDT5,100,130,13000,2096
413,0.11213374660828576,21,0.7,19,0.25,1,EARX,IVF/SPEA2,ZDT5,100,140,14000,2272
414,0.10824377816688932,21,0.7,19,0.25,1,EARX,IVF/SPEA2,ZDT5,100,150,15000,2480
415,0.10944220873855709,21,0.7,19,0.25,1,EARX,IVF/SPEA2,ZDT5,100,160,16000,2720
416,0.09862133219226546,21,0.7,19,0.25,1,EARX,IVF/SPEA2,ZDT5,100,170,17000,2832
417,0.09956180075551678,21,0.7,19,0.25,1,EARX,IVF/SPEA2,ZDT5,100,180,18000,2944
418,0.09787592015415986,21,0.7,19,0.25,1,EARX,IVF/SPEA2,ZDT5,100,190,19000,3104
419,0.09994369896784283,21,0.7,19,0.25,1,EARX,IVF/SPEA2,ZDT5,100,200,20000,3296
420,0.20572336036741887,22,0.7,19,0.25,1,EARX,IVF/SPEA2,ZDT5,100,10,1000,176
421,0.18445147157596944,22,0.7,19,0.25,1,EARX,IVF/SPEA2,ZDT5,100,20,2000,304
422,0.16148175758960936,22,0.7,19,0.25,1,EARX,IVF/SPEA2,ZDT5,100,30,3000,448
423,0.14994586724922426,22,0.7,19,0.25,1,EARX,IVF/SPEA2,ZDT5,100,40,4000,592
424,0.15786383603986792,22,0.7,19,0.25,1,EARX,IVF/SPEA2,ZDT5,100,50,5000,768
425,0.13883147311722166,22,0.7,19,0.25,1,EARX,IVF/SPEA2,ZDT5,100,60,6000,1008
426,0.1332444214722373,22,0.7,19,0.25,1,EARX,IVF/SPEA2,ZDT5,100,70,7000,1152
427,0.13067995089310977,22,0.7,19,0.25,1,EARX,IVF/SPEA2,ZDT5,100,80,8000,1424
428,0.13010419153208147,22,0.7,19,0.25,1,EARX,IVF/SPEA2,ZDT5,100,90,9000,1632
429,0.12289217722535715,22,0.7,19,0.25,1,EARX,IVF/SPEA2,ZDT5,100,100,10000,1728
430,0.1269486215155482,22,0.7,19,0.25,1,EARX,IVF/SPEA2,ZDT5,100,110,11000,1952
431,0.11343666716258186,22,0.7,19,0.25,1,EARX,IVF/SPEA2,ZDT5,100,120,12000,2144
432,0.1087767957854248,22,0.7,19,0.25,1,EARX,IVF/SPEA2,ZDT5,100,130,13000,2288
433,0.11522063146609758,22,0.7,19,0.25,1,EARX,IVF/SPEA2,ZDT5,100,140,14000,2480
434,0.10320838784736612,22,0.7,19,0.25,1,EARX,IVF/SPEA2,ZDT5,100,150,15000,2736
435,0.11176381448933279,22,0.7,19,0.25,1,EARX,IVF/SPEA2,ZDT5,100,160,16000,2864
436,0.10737881801857442,22,0.7,19,0.25,1,EARX,IVF/SPEA2,ZDT5,100,170,17000,2992
437,0.1097466279174839,22,0.7,19,0.25,1,EARX,IVF/SPEA2,ZDT5,100,180,18000,3168
438,0.10481807984699067,22,0.7,19,0.25,1,EARX,IVF/SPEA2,ZDT5,100,190,19000,3344
439,0.10508827467827589,22,0.7,19,0.25,1,EARX,IVF/SPEA2,ZDT5,100,200,20000,3520
440,0.17181354086949135,23,0.7,19,0.25,1,EARX,IVF/SPEA2,ZDT5,100,10,1000,176
441,0.16903796169074925,23,0.7,19,0.25,1,EARX,IVF/SPEA2,ZDT5,100,20,2000,352
442,0.16725077189122894,23,0.7,19,0.25,1,EARX,IVF/SPEA2,ZDT5,100,30,3000,528
443,0.1543379205546288,23,0.7,19,0.25,1,EARX,IVF/SPEA2,ZDT5,100,40,4000,736
444,0.15368583708062505,23,0.7,19,0.25,1,EARX,IVF/SPEA2,ZDT5,100,50,5000,912
445,0.14277996892638156,23,0.7,19,0.25,1,EARX,IVF/SPEA2,ZDT5,100,60,6000,1088
446,0.13858765995566372,23,0.7,19,0.25,1,EARX,IVF/SPEA2,ZDT5,100,70,7000,1248
447,0.1337739370169099,23,0.7,19,0.25,1,EARX,IVF/SPEA2,ZDT5,100,80,8000,1360
448,0.1271593626696035,23,0.7,19,0.25,1,EARX,IVF/SPEA2,ZDT5,100,90,9000,1584
449,0.11747088062604288,23,0.7,19,0.25,1,EARX,IVF/SPEA2,ZDT5,100,100,10000,1744
450,0.11975877386242155,23,0.7,19,0.25,1,EARX,IVF/SPEA2,ZDT5,100,110,11000,1920
451,0.1169211009053317,23,0.7,19,0.25,1,EARX,IVF/SPEA2,ZDT5,100,120,12000,2096
452,0.1168151386828682,23,0.7,19,0.25,1,EARX,IVF/SPEA2,ZDT5,100,130,13000,2352
453,0.11612278059149407,23,0.7,19,0.25,1,EARX,IVF/SPEA2,ZDT5,100,140,14000,2608
454,0.11203552874794964,23,0.7,19,0.25,1,EARX,IVF/SPEA2,ZDT5,100,150,15000,2784
455,0.10874346521069811,23,0.7,19,0.25,1,EARX,IVF/SPEA2,ZDT5,100,160,16000,3008
456,0.11332701888826517,23,0.7,19,0.25,1,EARX,IVF/SPEA2,ZDT5,100,170,17000,3216
457,0.10746663607826354,23,0.7,19,0.25,1,EARX,IVF/SPEA2,ZDT5,100,180,18000,3392
458,0.10883020877321785,23,0.7,19,0.25,1,EARX,IVF/SPEA2,ZDT5,100,190,19000,3552
459,0.1063768490075681,23,0.7,19,0.25,1,EARX,IVF/SPEA2,ZDT5,100,200,20000,3696
460,0.18772934904894348,24,0.7,19,0.25,1,EARX,IVF/SPEA2,ZDT5,100,10,1000,128
461,0.18801132960150554,24,0.7,19,0.25,1,EARX,IVF/SPEA2,ZDT5,100,20,2000,192
462,0.18429015118923708,24,0.7,19,0.25,1,EARX,IVF/SPEA2,ZDT5,100,30,3000,336
463,0.18088245089572477,24,0.7,19,0.25,1,EARX,IVF/SPEA2,ZDT5,100,40,4000,464
464,0.16584583328193453,24,0.7,19,0.25,1,EARX,IVF/SPEA2,ZDT5,100,50,5000,592
465,0.16573712301920682,24,0.7,19,0.25,1,EARX,IVF/SPEA2,ZDT5,100,60,6000,832
466,0.16461180850285587,24,0.7,19,0.25,1,EARX,IVF/SPEA2,ZDT5,100,70,7000,1040
467,0.15402525696442074,24,0.7,19,0.25,1,EARX,IVF/SPEA2,ZDT5,100,80,8000,1200
468,0.1562371743441308,24,0.7,19,0.25,1,EARX,IVF/SPEA2,ZDT5,100,90,9000,1376
469,0.14875513234896723,24,0.7,19,0.25,1,EARX,IVF/SPEA2,ZDT5,100,100,10000,1568
470,0.15217885916880122,24,0.7,19,0.25,1,EARX,IVF/SPEA2,ZDT5,100,110,11000,1744
471,0.14449453190286185,24,0.7,19,0.25,1,EARX,IVF/SPEA2,ZDT5,100,120,12000,1888
472,0.1457317797649337,24,0.7,19,0.25,1,EARX,IVF/SPEA2,ZDT5,100,130,13000,2032
473,0.1427322778312706,24,0.7,19,0.25,1,EARX,IVF/SPEA2,ZDT5,100,140,14000,2192
474,0.13330829706190922,24,0.7,19,0.25,1,EARX,IVF/SPEA2,ZDT5,100,150,15000,2320
475,0.12654474466924107,24,0.7,19,0.25,1,EARX,IVF/SPEA2,ZDT5,100,160,16000,2480
476,0.12398072307210704,24,0.7,19,0.25,1,EARX,IVF/SPEA2,ZDT5,100,170,17000,2688
477,0.12208638935789237,24,0.7,19,0.25,1,EARX,IVF/SPEA2,ZDT5,100,180,18000,2864
478,0.12169884838697134,24,0.7,19,0.25,1,EARX,IVF/SPEA2,ZDT5,100,190,19000,3008
479,0.1172679710427878,24,0.7,19,0.25,1,EARX,IVF/SPEA2,ZDT5,100,200,20000,3216
480,0.16084733200659826,25,0.7,19,0.25,1,EARX,IVF/SPEA2,ZDT5,100,10,1000,128
481,0.13163775157509525,25,0.7,19,0.25,1,EARX,IVF/SPEA2,ZDT5,100,20,2000,272
482,0.12042348528875914,25,0.7,19,0.25,1,EARX,IVF/SPEA2,ZDT5,100,30,3000,480
483,0.11872271736811263,25,0.7,19,0.25,1,EARX,IVF/SPEA2,ZDT5,100,40,4000,688
484,0.10968028700202856,25,0.7,19,0.25,1,EARX,IVF/SPEA2,ZDT5,100,50,5000,928
485,0.10952810638460951,25,0.7,19,0.25,1,EARX,IVF/SPEA2,ZDT5,100,60,6000,1152
486,0.1066022425950084,25,0.7,19,0.25,1,EARX,IVF/SPEA2,ZDT5,100,70,7000,1312
487,0.10733275351692267,25,0.7,19,0.25,1,EARX,IVF/SPEA2,ZDT5,100,80,8000,1536
488,0.09879532608963744,25,0.7,19,0.25,1,EARX,IVF/SPEA2,ZDT5,100,90,9000,1712
489,0.0966859318507184,25,0.7,19,0.25,1,EARX,IVF/SPEA2,ZDT5,100,100,10000,1920
490,0.09539837891894953,25,0.7,19,0.25,1,EARX,IVF/SPEA2,ZDT5,100,110,11000,2112
491,0.0967548753257478,25,0.7,19,0.25,1,EARX,IVF/SPEA2,ZDT5,100,120,12000,2288
492,0.09502594142990806,25,0.7,19,0.25,1,EARX,IVF/SPEA2,ZDT5,100,130,13000,2480
493,0.09335179992139997,25,0.7,19,0.25,1,EARX,IVF/SPEA2,ZDT5,100,140,14000,2672
494,0.09502928340014866,25,0.7,19,0.25,1,EARX,IVF/SPEA2,ZDT5,100,150,15000,2832
495,0.09018069856490019,25,0.7,19,0.25,1,EARX,IVF/SPEA2,ZDT5,100,160,16000,3056
496,0.08879544102418427,25,0.7,19,0.25,1,EARX,IVF/SPEA2,ZDT5,100,170,17000,3120
497,0.08565177161129992,25,0.7,19,0.25,1,EARX,IVF/SPEA2,ZDT5,100,180,18000,3200
498,0.08812374534073643,25,0.7,19,0.25,1,EARX,IVF/SPEA2,ZDT5,100,190,19000,3440
499,0.08721929339958912,25,0.7,19,0.25,1,EARX,IVF/SPEA2,ZDT5,100,200,20000,3648
500,0.18538909124303043,26,0.7,19,0.25,1,EARX,IVF/SPEA2,ZDT5,100,10,1000,144
501,0.1572401514733917,26,0.7,19,0.25,1,EARX,IVF/SPEA2,ZDT5,100,20,2000,224
502,0.1537433302231844,26,0.7,19,0.25,1,EARX,IVF/SPEA2,ZDT5,100,30,3000,352
503,0.1675331674734904,26,0.7,19,0.25,1,EARX,IVF/SPEA2,ZDT5,100,40,4000,544
504,0.16369778593424106,26,0.7,19,0.25,1,EARX,IVF/SPEA2,ZDT5,100,50,5000,768
505,0.16144164225726168,26,0.7,19,0.25,1,EARX,IVF/SPEA2,ZDT5,100,60,6000,976
506,0.16181384996442635,26,0.7,19,0.25,1,EARX,IVF/SPEA2,ZDT5,100,70,7000,1184
507,0.1598320529573406,26,0.7,19,0.25,1,EARX,IVF/SPEA2,ZDT5,100,80,8000,1312
508,0.15166551374870407,26,0.7,19,0.25,1,EARX,IVF/SPEA2,ZDT5,100,90,9000,1520
509,0.1392066629987068,26,0.7,19,0.25,1,EARX,IVF/SPEA2,ZDT5,100,100,10000,1776
510,0.14213491087760635,26,0.7,19,0.25,1,EARX,IVF/SPEA2,ZDT5,100,110,11000,1968
511,0.13443811739440903,26,0.7,19,0.25,1,EARX,IVF/SPEA2,ZDT5,100,120,12000,2144
512,0.13212586725360814,26,0.7,19,0.25,1,EARX,IVF/SPEA2,ZDT5,100,130,13000,2320
513,0.1310977853831845,26,0.7,19,0.25,1,EARX,IVF/SPEA2,ZDT5,100,140,14000,2448
514,0.1285828793326618,26,0.7,19,0.25,1,EARX,IVF/SPEA2,ZDT5,100,150,15000,2576
515,0.13176657803459105,26,0.7,19,0.25,1,EARX,IVF/SPEA2,ZDT5,100,160,16000,2816
516,0.13262279793995607,26,0.7,19,0.25,1,EARX,IVF/SPEA2,ZDT5,100,170,17000,3008
517,0.12472750744579393,26,0.7,19,0.25,1,EARX,IVF/SPEA2,ZDT5,100,180,18000,3248
518,0.11924583115306739,26,0.7,19,0.25,1,EARX,IVF/SPEA2,ZDT5,100,190,19000,3344
519,0.11735217851844368,26,0.7,19,0.25,1,EARX,IVF/SPEA2,ZDT5,100,200,20000,3488
520,0.20014390965974113,27,0.7,19,0.25,1,EARX,IVF/SPEA2,ZDT5,100,10,1000,128
521,0.15043187767174998,27,0.7,19,0.25,1,EARX,IVF/SPEA2,ZDT5,100,20,2000,256
522,0.1522092818306058,27,0.7,19,0.25,1,EARX,IVF/SPEA2,ZDT5,100,30,3000,416
523,0.14262231910482678,27,0.7,19,0.25,1,EARX,IVF/SPEA2,ZDT5,100,40,4000,560
524,0.14614651394174516,27,0.7,19,0.25,1,EARX,IVF/SPEA2,ZDT5,100,50,5000,688
525,0.13243368353575405,27,0.7,19,0.25,1,EARX,IVF/SPEA2,ZDT5,100,60,6000,880
526,0.1326046437043499,27,0.7,19,0.25,1,EARX,IVF/SPEA2,ZDT5,100,70,7000,1056
527,0.1347879511208048,27,0.7,19,0.25,1,EARX,IVF/SPEA2,ZDT5,100,80,8000,1200
528,0.12805417990251647,27,0.7,19,0.25,1,EARX,IVF/SPEA2,ZDT5,100,90,9000,1424
529,0.12550743052939953,27,0.7,19,0.25,1,EARX,IVF/SPEA2,ZDT5,100,100,10000,1520
530,0.11909048900367691,27,0.7,19,0.25,1,EARX,IVF/SPEA2,ZDT5,100,110,11000,1728
531,0.1164710840616888,27,0.7,19,0.25,1,EARX,IVF/SPEA2,ZDT5,100,120,12000,1920
532,0.11764083023954744,27,0.7,19,0.25,1,EARX,IVF/SPEA2,ZDT5,100,130,13000,2096
533,0.12046310315964709,27,0.7,19,0.25,1,EARX,IVF/SPEA2,ZDT5,100,140,14000,2240
534,0.12133282596685124,27,0.7,19,0.25,1,EARX,IVF/SPEA2,ZDT5,100,150,15000,2432
535,0.12264544368121402,27,0.7,19,0.25,1,EARX,IVF/SPEA2,ZDT5,100,160,16000,2608
536,0.11892641467871941,27,0.7,19,0.25,1,EARX,IVF/SPEA2,ZDT5,100,170,17000,2736
537,0.11656833902118588,27,0.7,19,0.25,1,EARX,IVF/SPEA2,ZDT5,100,180,18000,2912
538,0.11649867951083989,27,0.7,19,0.25,1,EARX,IVF/SPEA2,ZDT5,100,190,19000,3040
539,0.11383967717764194,27,0.7,19,0.25,1,EARX,IVF/SPEA2,ZDT5,100,200,20000,3200
540,0.15616613226547557,28,0.7,19,0.25,1,EARX,IVF/SPEA2,ZDT5,100,10,1000,240
541,0.1417704316923885,28,0.7,19,0.25,1,EARX,IVF/SPEA2,ZDT5,100,20,2000,416
542,0.1263872305910203,28,0.7,19,0.25,1,EARX,IVF/SPEA2,ZDT5,100,30,3000,576
543,0.11202339499617313,28,0.7,19,0.25,1,EARX,IVF/SPEA2,ZDT5,100,40,4000,752
544,0.11109324756529164,28,0.7,19,0.25,1,EARX,IVF/SPEA2,ZDT5,100,50,5000,912
545,0.10761602856448935,28,0.7,19,0.25,1,EARX,IVF/SPEA2,ZDT5,100,60,6000,1072
546,0.10327650484986949,28,0.7,19,0.25,1,EARX,IVF/SPEA2,ZDT5,100,70,7000,1280
547,0.10898181000740825,28,0.7,19,0.25,1,EARX,IVF/SPEA2,ZDT5,100,80,8000,1440
548,0.10400201048194634,28,0.7,19,0.25,1,EARX,IVF/SPEA2,ZDT5,100,90,9000,1728
549,0.09945228935300846,28,0.7,19,0.25,1,EARX,IVF/SPEA2,ZDT5,100,100,10000,1888
550,0.09772964517314817,28,0.7,19,0.25,1,EARX,IVF/SPEA2,ZDT5,100,110,11000,2016
551,0.1014104553887054,28,0.7,19,0.25,1,EARX,IVF/SPEA2,ZDT5,100,120,12000,2176
552,0.09814910195231795,28,0.7,19,0.25,1,EARX,IVF/SPEA2,ZDT5,100,130,13000,2304
553,0.09956191308846293,28,0.7,19,0.25,1,EARX,IVF/SPEA2,ZDT5,100,140,14000,2480
554,0.09686121135597021,28,0.7,19,0.25,1,EARX,IVF/SPEA2,ZDT5,100,150,15000,2624
555,0.09502803264659714,28,0.7,19,0.25,1,EARX,IVF/SPEA2,ZDT5,100,160,16000,2880
556,0.09025693831572001,28,0.7,19,0.25,1,EARX,IVF/SPEA2,ZDT5,100,170,17000,3056
557,0.08916044609727475,28,0.7,19,0.25,1,EARX,IVF/SPEA2,ZDT5,100,180,18000,3232
558,0.0861158617662106,28,0.7,19,0.25,1,EARX,IVF/SPEA2,ZDT5,100,190,19000,3344
559,0.08492976079583774,28,0.7,19,0.25,1,EARX,IVF/SPEA2,ZDT5,100,200,20000,3584
560,0.19436661221926374,29,0.7,19,0.25,1,EARX,IVF/SPEA2,ZDT5,100,10,1000,160
561,0.15378790056761749,29,0.7,19,0.25,1,EARX,IVF/SPEA2,ZDT5,100,20,2000,352
562,0.14616201309421903,29,0.7,19,0.25,1,EARX,IVF/SPEA2,ZDT5,100,30,3000,560
563,0.13751362771353956,29,0.7,19,0.25,1,EARX,IVF/SPEA2,ZDT5,100,40,4000,752
564,0.1407548439004532,29,0.7,19,0.25,1,EARX,IVF/SPEA2,ZDT5,100,50,5000,944
565,0.1330200648256503,29,0.7,19,0.25,1,EARX,IVF/SPEA2,ZDT5,100,60,6000,1040
566,0.13571693438438687,29,0.7,19,0.25,1,EARX,IVF/SPEA2,ZDT5,100,70,7000,1120
567,0.13360368520249122,29,0.7,19,0.25,1,EARX,IVF/SPEA2,ZDT5,100,80,8000,1296
568,0.12222912093176332,29,0.7,19,0.25,1,EARX,IVF/SPEA2,ZDT5,100,90,9000,1488
569,0.11160164176126722,29,0.7,19,0.25,1,EARX,IVF/SPEA2,ZDT5,100,100,10000,1616
570,0.1055894038231338,29,0.7,19,0.25,1,EARX,IVF/SPEA2,ZDT5,100,110,11000,1840
571,0.0993487145025439,29,0.7,19,0.25,1,EARX,IVF/SPEA2,ZDT5,100,120,12000,2032
572,0.10201884938297244,29,0.7,19,0.25,1,EARX,IVF/SPEA2,ZDT5,100,130,13000,2176
573,0.10039220406852277,29,0.7,19,0.25,1,EARX,IVF/SPEA2,ZDT5,100,140,14000,2352
574,0.0983401380181178,29,0.7,19,0.25,1,EARX,IVF/SPEA2,ZDT5,100,150,15000,2464
575,0.10074283239335069,29,0.7,19,0.25,1,EARX,IVF/SPEA2,ZDT5,100,160,16000,2624
576,0.0989319210055481,29,0.7,19,0.25,1,EARX,IVF/SPEA2,ZDT5,100,170,17000,2768
577,0.09981270669704409,29,0.7,19,0.25,1,EARX,IVF/SPEA2,ZDT5,100,180,18000,2848
578,0.09516543575623812,29,0.7,19,0.25,1,EARX,IVF/SPEA2,ZDT5,100,190,19000,3008
579,0.09454627430244843,29,0.7,19,0.25,1,EARX,IVF/SPEA2,ZDT5,100,200,20000,3152
580,0.16062307599071254,30,0.7,19,0.25,1,EARX,IVF/SPEA2,ZDT5,100,10,1000,176
581,0.13669026880000165,30,0.7,19,0.25,1,EARX,IVF/SPEA2,ZDT5,100,20,2000,320
582,0.14099398372189406,30,0.7,19,0.25,1,EARX,IVF/SPEA2,ZDT5,100,30,3000,512
583,0.14115097126248868,30,0.7,19,0.25,1,EARX,IVF/SPEA2,ZDT5,100,40,4000,704
584,0.13684548811475147,30,0.7,19,0.25,1,EARX,IVF/SPEA2,ZDT5,100,50,5000,864
585,0.1377790078029706,30,0.7,19,0.25,1,EARX,IVF/SPEA2,ZDT5,100,60,6000,1040
586,0.1347049745308175,30,0.7,19,0.25,1,EARX,IVF/SPEA2,ZDT5,100,70,7000,1216
587,0.1291778903237529,30,0.7,19,0.25,1,EARX,IVF/SPEA2,ZDT5,100,80,8000,1392
588,0.11512502164517713,30,0.7,19,0.25,1,EARX,IVF/SPEA2,ZDT5,100,90,9000,1648
589,0.11482669383838079,30,0.7,19,0.25,1,EARX,IVF/SPEA2,ZDT5,100,100,10000,1824
590,0.11300254414054813,30,0.7,19,0.25,1,EARX,IVF/SPEA2,ZDT5,100,110,11000,1920
591,0.11461553218694658,30,0.7,19,0.25,1,EARX,IVF/SPEA2,ZDT5,100,120,12000,2016
592,0.10735862970139239,30,0.7,19,0.25,1,EARX,IVF/SPEA2,ZDT5,100,130,13000,2224
593,0.11053988440735432,30,0.7,19,0.25,1,EARX,IVF/SPEA2,ZDT5,100,140,14000,2416
594,0.10874054068686669,30,0.7,19,0.25,1,EARX,IVF/SPEA2,ZDT5,100,150,15000,2576
595,0.10306882728685549,30,0.7,19,0.25,1,EARX,IVF/SPEA2,ZDT5,100,160,16000,2832
596,0.10286326217127961,30,0.7,19,0.25,1,EARX,IVF/SPEA2,ZDT5,100,170,17000,2992
597,0.10197487027747636,30,0.7,19,0.25,1,EARX,IVF/SPEA2,ZDT5,100,180,18000,3136
598,0.1024956646644672,30,0.7,19,0.25,1,EARX,IVF/SPEA2,ZDT5,100,190,19000,3264
599,0.09744648504538718,30,0.7,19,0.25,1,EARX,IVF/SPEA2,ZDT5,100,200,20000,3536
